url_length,hostname_length,path__length,query_length,num_dots,num_hyphens,num_underscores,num_slashes,num_question_marks,num_equals,num_digits,num_special_chars,uses_https,has_query,num_subdomains,has_ip_address,has_at_symbol,has_url_encoding,num_percent_encoded,has_double_slash_path,suspicious_keyword_count,is_shortened_url,hostname_entropy,tld_length,label
22,14,0,0,2,0,0,2,0,0,0,5,1,0,1,0,0,0,0,0,0,0,-0.2719539230041146,3,0
25,17,0,0,2,0,0,2,0,0,0,5,1,0,1,0,0,0,0,0,0,0,-0.24043899066178465,3,0
25,17,0,0,2,0,0,2,0,0,0,5,1,0,1,0,0,0,0,0,0,0,-0.24043899066178465,3,0
21,13,0,0,2,0,0,2,0,0,0,5,1,0,1,0,0,0,0,0,0,0,-0.28464920908777636,3,0
22,14,0,0,2,0,0,2,0,0,0,5,1,0,1,0,0,0,0,0,0,0,-0.2719539230041146,3,0
22,14,0,0,2,0,0,2,0,0,0,5,1,0,1,0,0,0,0,0,0,0,-0.2719539230041146,3,0
22,14,0,0,2,0,0,2,0,0,0,5,1,0,1,0,0,0,0,0,0,0,-0.2719539230041146,3,0
22,14,0,0,2,0,0,2,0,0,0,5,1,0,1,0,0,0,0,0,0,0,-0.2719539230041146,3,0
19,11,0,0,1,0,0,2,0,0,0,4,1,0,0,0,0,0,0,0,0,0,-0.3144937835124816,3,0
23,15,0,0,2,0,0,2,0,0,0,5,1,0,1,0,0,0,0,0,0,0,-0.26045937304056793,3,0
25,12,6,0,3,0,0,3,0,0,9,7,0,0,2,1,0,0,0,0,1,0,-0.29874687506009634,2,1
33,11,15,0,1,1,0,3,0,0,0,6,0,0,0,0,0,0,0,0,2,0,-0.3144937835124816,3,1
41,11,23,0,1,2,0,3,0,0,0,7,0,0,0,0,0,0,0,0,3,0,-0.3144937835124816,3,1
35,11,17,0,1,2,0,3,0,0,0,7,0,0,0,0,0,0,0,0,3,0,-0.3144937835124816,3,1
39,11,21,0,1,1,0,3,0,0,0,6,0,0,0,0,0,0,0,0,2,0,-0.3144937835124816,3,1
38,11,20,0,1,2,0,3,0,0,0,7,0,0,0,0,0,0,0,0,3,0,-0.3144937835124816,3,1
41,11,23,0,1,2,0,3,0,0,0,7,0,0,0,0,0,0,0,0,3,0,-0.3144937835124816,3,1
39,11,21,0,1,2,0,3,0,0,0,7,0,0,0,0,0,0,0,0,2,0,-0.3144937835124816,3,1
35,11,17,0,1,2,0,3,0,0,0,7,0,0,0,0,0,0,0,0,2,0,-0.3144937835124816,3,1
38,11,20,0,1,2,0,3,0,0,0,7,0,0,0,0,0,0,0,0,3,0,-0.3144937835124816,3,1
